Timestamp,Method,Url,ResourceType
2026-06-14T02:32:19.798Z,GET,"https://fonts.googleapis.com/css?family=Material+Icons+Extended|Google+Material+Icons|Google+Sans:400,500,700|Roboto:100,300,400,500|Roboto+Condensed|Open+Sans:300,400,600,700,800|Lato:400,300,300italic,400italic,700,700italic|Source+Code+Pro:400,700",stylesheet
2026-06-14T02:32:19.841Z,GET,https://www.gstatic.com/_/atari/_/ss/k=atari.ed.eivbbWFxGjY.L.W.O/am=CCCAJgAD/d=1/rs=AGEqA5l4KLwSrhHCDsH9bXVAIMfGOCO6KA,stylesheet
2026-06-14T02:32:19.966Z,GET,https://fonts.gstatic.com/s/sourcecodepro/v31/HI_diYsKILxRpg3hIP6sJ7fM7PqPMcMnZFqUwX28DMyQhMs.woff2,font
2026-06-14T02:32:19.992Z,GET,https://fonts.gstatic.com/s/sourcecodepro/v31/HI_jiYsKILxRpg3hIP6sJ7fM7PqlOPHYvDP_W9O7GQTTbI1rTA.woff2,font
2026-06-14T02:32:19.996Z,GET,https://fonts.gstatic.com/s/sourcecodepro/v31/HI_diYsKILxRpg3hIP6sJ7fM7PqPMcMnZFqUwX28DCuXhMs.woff2,font
2026-06-14T02:32:19.998Z,GET,https://fonts.gstatic.com/s/sourcecodepro/v31/HI_jiYsKILxRpg3hIP6sJ7fM7PqlOPHYvDP_W9O7GQTTi4prTA.woff2,font
2026-06-14T02:32:20.028Z,GET,https://www.gstatic.com/images/branding/productlogos/sites_2026/v2/web-96dp/logo_sites_2026_color_1x_web_96dp.png,image
2026-06-14T02:32:20.067Z,GET,https://fonts.gstatic.com/s/ebgaramond/v32/SlGDmQSNjdsmc35JDF1K5E55YMjF_7DPuGi-6_RUBg.woff2,font
2026-06-14T02:32:20.091Z,GET,https://apis.google.com/js/client.js?onload=gapiLoaded,script
2026-06-14T02:32:20.097Z,GET,https://fonts.gstatic.com/s/ebgaramond/v32/SlGFmQSNjdsmc35JDF1K5GRwUjcdlttVFm-rI7e8QI9_.woff2,font
2026-06-14T02:32:20.106Z,GET,https://fonts.gstatic.com/s/inter/v20/UcCM3FwrK3iLTcvneQg7Ca725JhhKnNqk4j1ebLhAm8SrXTc2dthiA.woff2,font
2026-06-14T02:32:20.163Z,GET,https://fonts.gstatic.com/s/ebgaramond/v32/SlGFmQSNjdsmc35JDF1K5GRwUjcdlttVFm-rI7dbR49_.woff2,font
2026-06-14T02:32:20.170Z,GET,https://fonts.gstatic.com/s/inter/v20/UcCO3FwrK3iLTeHuS_nVMrMxCp50SjIw2boKoduKmMEVuFuYMZ0.woff2,font
2026-06-14T02:32:20.174Z,GET,https://fonts.gstatic.com/s/inter/v20/UcCM3FwrK3iLTcvneQg7Ca725JhhKnNqk4j1ebLhAm8SrXTcPtxhiA.woff2,font
2026-06-14T02:32:20.175Z,GET,https://fonts.gstatic.com/s/inter/v20/UcCO3FwrK3iLTeHuS_nVMrMxCp50SjIw2boKoduKmMEVuLyfMZ0.woff2,font
2026-06-14T02:32:20.175Z,GET,https://fonts.gstatic.com/s/ebgaramond/v32/SlGDmQSNjdsmc35JDF1K5E55YMjF_7DPuGi-DPNUBg.woff2,font
2026-06-14T02:32:20.186Z,GET,https://lh3.google.com/u/0/ogw/AF2bZyh3kXEgxcdf__M9zOGO1Q8ATciUAwZiJl4GTfhRm8L2BA=s32-c-mo,image
2026-06-14T02:32:20.186Z,GET,https://apis.google.com/_/scs/abc-static/_/js/k=gapi.lb.en.ch0Jz-JlMrQ.O/m=client/rt=j/sv=1/d=1/ed=1/rs=AHpOoo_YD4KoV8fTh_kLhktsiThAm3yJ5A/cb=gapi.loaded_0?le=scs,script
2026-06-14T02:32:20.272Z,GET,https://fonts.gstatic.com/s/roboto/v51/KFO7CnqEu92Fr1ME7kSn66aGLdTylUAMa3yUBA.woff2,font
2026-06-14T02:32:20.272Z,GET,https://fonts.gstatic.com/s/googlesans/v69/4UasrENHsxJlGDuGo1OIlJfC6l_24rlCK1Yo_Iqcsih3SAyH6cAwhX9RPjIUvQ.woff2,font
2026-06-14T02:32:20.273Z,GET,https://lh3.googleusercontent.com/rd-ogw/AF2bZyhV5HhI8gBpzquDJjFjcrsjDXXnlqejsGMEPT9809Mi4nCe80j1UtS6zyCCvrnSzYZxvbTBvc4kdZEBU-0Lo-AlXj-pnuac08uCk86hSQD8cYeZN4yBL_PilqWL-Kz7M0Jk4DDsUFqV53CWDdkeDiq6FAkYm-N6iSXduMsa2iInuVnB_X3jxioi43zWVS-i1MezNlC8cF6vt5haZpBkvBICwQD9Vvon785FUeSv6YbxNkGWo_1DckffWioGXdxX5Vcv_0h04SHdedKJUE711jUGgQxv99XG3P-UMFK7XHO6swwW0HOEeSZV8sA5PPTR-DogPEzY93JqExCtHrMAAmsqBtgqaZjWkB0xGDdnt6sbhzCgOL_ZX3u9SdzRUqtANxbmF01dfmHhlHS-aB52fjdaYodkO-Gex0bRO_wWgeXXz8T98esDnfEquePS14CSINLFx2u-z0qXxLeOW3sN0D9i6oHyKDs0p5EIqXCkE4tT6mpj3TVuIzAZfxrNJlHl4qOOm4KIaJ-MHFlK00uu9-ccsT5GS75cGovblvI6NR3ipl1gIGMUk0_h9R16W8L1X8T0aEZ2odPkIMftYpsjCwy_eao7rlhvcxotK935lm4qtRh2HtvnPnDP6c2qyM8x8fiaftRvkT8QYeA4n9LnTbzqEmpE2GrJ-MH7u4Hxic1mk1hXajNfkCLKt9gmKxmozGqL8IwgFMk1JTVdwDP0MKfMLeprjalmVvQd5ZDAMaKE6JyeLdy8mykpOxtHNRLwAIlH0jYK_iwwp-ebQVPUkctKjyq6alwK2pNzLmVxgbe1NgbwSbIiVWbKw9yiKHPZfxidU4RvyXq6gsYukj7YkqCZ3hCOJl0eKrp6udrSC6ID7s98lqvrYf4I767ZcaIeoIiFL1D4U7nABzQfKrIWdB5NiYwCkhiq31kj77J6THbtZGbXu9LA4o6cM5eETL-C04-DyV2DfAhf1I6w-YMtXDAzhzlDeep3YkBYwWD64ljYq0O0M_jGBX-mFE98GQVQ5H3DWwYzJvRsTRQB17E=s32-c,image
2026-06-14T02:32:20.273Z,GET,https://fonts.gstatic.com/s/materialiconsextended/v154/kJEjBvgX7BgnkSrUwT8UnLVc38YydejYY-oE_LvJ.woff2,font
2026-06-14T02:32:20.429Z,GET,https://sites.google.com/d/1NjuZKIVbHZ1Eu10zCTi2JtvM0kjkKf2N/edit,document
2026-06-14T02:32:20.498Z,GET,https://ssl.gstatic.com/atari/images/sociallinks/instagram_black_36dp.png,image
2026-06-14T02:32:20.500Z,GET,https://ssl.gstatic.com/atari/images/sociallinks/facebook_black_36dp.png,image
2026-06-14T02:32:20.559Z,GET,https://fonts.gstatic.com/s/i/googlematerialicons/drive/v14/gm_grey-24dp/1x/gm_drive_gm_grey_24dp.png,image
2026-06-14T02:32:20.640Z,GET,"https://www.gstatic.com/_/atari/_/js/k=atari.ed.en.FrodoSu7vTU.O/am=CCCAJgAD/d=1/rs=AGEqA5kzCkOZEFWYz2bRYOr-wP923UBA7g/m=e,aa",script
2026-06-14T02:32:21.066Z,GET,https://lh7-rt.googleusercontent.com/sitesz/AClOY7rroWY4vAQrVMgZ2OWDt80s1lx8G7IajwfnFUUOWVxbviBaww2d8Li5JOi7N_YLB-MmN0FBGDyTHH8YIWn5MIeI-0oxYFnQBUFF9n_gSkC3b8vn-OmvbgQxQc41gCYlgnPTSL-fjRGxFcsk2HbReXKjqCRuiuFEKAA2EiRpV3RTiDYcBRrs2SvM=s2048?key=YN6GLtuWqxGWPunWVbTaJw,image
2026-06-14T02:32:21.066Z,GET,https://lh7-rt.googleusercontent.com/sitesz/AClOY7ptU0JK1MYQesXtjHxCNQjS1h-VMvPo_4COLNZwMcsOmWXlTLMzNcpDsUaJrpa8bv_gD1DgOCi4F4P6NvjoaEt77M3T9WnR7fMg1y0GqQJ1V8-hYST5JcnUCoVS50KWfsxkSi0t0EjqrZO8mk7Sa7Jz2UlIntHjIvkOV23_hg3fkgIWBV1K7Ao=s2048?key=YN6GLtuWqxGWPunWVbTaJw,image
2026-06-14T02:32:21.069Z,GET,"https://apis.google.com/_/scs/abc-static/_/js/k=gapi.lb.en.ch0Jz-JlMrQ.O/m=gapi_rpc/exm=client/rt=j/sv=1/d=1/ed=1/rs=AHpOoo_YD4KoV8fTh_kLhktsiThAm3yJ5A/cb=gapi.loaded_1?le=scs,fedcm_migration_mod",script
2026-06-14T02:32:21.071Z,GET,"https://www.gstatic.com/_/atari/_/js/k=atari.ed.en.FrodoSu7vTU.O/am=CCCAJgAD/d=0/rs=AGEqA5kzCkOZEFWYz2bRYOr-wP923UBA7g/m=sy56,VZCf0c",script
2026-06-14T02:32:21.072Z,GET,"https://www.gstatic.com/_/atari/_/js/k=atari.ed.en.FrodoSu7vTU.O/am=CCCAJgAD/d=0/rs=AGEqA5kzCkOZEFWYz2bRYOr-wP923UBA7g/m=sy6i,G1H3Pe,aSe99c,fbXBnf,psbnX,sy52,sy6u,sy6q,sy6w,sy6p,sy6x,oNFsLb,sy6o,sy6r,qEW1W,Fe0GBd,sygd,of4Efe",script
2026-06-14T02:32:21.072Z,GET,https://www.gstatic.com/_/atari/_/js/k=atari.ed.en.FrodoSu7vTU.O/am=CCCAJgAD/d=0/rs=AGEqA5kzCkOZEFWYz2bRYOr-wP923UBA7g/m=vVEdxc,script
2026-06-14T02:32:21.072Z,GET,https://lh7-rt.googleusercontent.com/sitesz/AClOY7pwZmClF-jNquvqf9vizodaLoM_KMPtis2klcWTbtWcbwpyHgo_JgHvjs38q2ybFjV2wDmNhcAtg-4ePoV_6POr1pcE4WjFC8vcN3OIu1HErp79-FwMIph2IJuYg0KLSdGoFmwZHISJ4l4VuXv_9pq3dGCKd42qW6BoDR4RHe74ZMXeRreW67Mb=s2048?key=YN6GLtuWqxGWPunWVbTaJw,image
2026-06-14T02:32:21.081Z,GET,"https://www.gstatic.com/_/atari/_/js/k=atari.ed.en.FrodoSu7vTU.O/am=CCCAJgAD/d=0/rs=AGEqA5kzCkOZEFWYz2bRYOr-wP923UBA7g/m=sy6,ws9Tlc,cEt90b,sy2,sy3,sy4,L1AAkb,sy16,sy2t,sy2s,sy2x,sy2r,sy3s,qTnoBf,NJ1rfe,sy2h,mzzZzc,sy46,sy47,rCcCxc,sy4c,gJzDyc,sy8,sy9,sy7,sya,syc,sy11,m9oV,syb,syd,sye,sy12,syg,RAnnUd,i5dxUd,syf,syn,sy13,syh,IiC5yd,uu7UOe,DFTXbf,sy44,vvMGie,syw,ogVNrd,Jnyqrc,sy45,sy48,sy49,ZakeSe,sy4d,LeniHc",script
2026-06-14T02:32:21.082Z,GET,"https://www.gstatic.com/_/atari/_/js/k=atari.ed.en.FrodoSu7vTU.O/am=CCCAJgAD/d=0/rs=AGEqA5kzCkOZEFWYz2bRYOr-wP923UBA7g/m=MpJwZc,n73qwf,syi,syj,syk,sy1d,sy1f,sy1g,A4UTCb,aW3pY,RyvaUb,sy18,sy19,owcnme,sy1a,sy1b,sy1c,O6y8ed,sy2j,CHCSlb,sy1i,sy1h,sy1j,sy1k,sy1m,sy1l,sy1n,VXdfxd,V3dDOb,sy1e,ENNBBf,sy20,sy23,sy24,sy2i,yf2Bs,sy34,sy35,fmklff,N5Lqpc,syl,syu,etBPYb,i5H9N,SU9Rsf,sym,syo,syp,syq,syr,sys,syt,syv,PHUIyb,qNG0Fc,syx,syz,sy10,sy1q,sy21,sy27,sy1o,sy2c,ywOR5c,sy14,sy15,sy17,sy1p,sy1r,sy22,sy26,sy29,sy28,sy2a,sy2b,sy2d,wg1P6b,pxq3x,EcW08c,sy25,sy2e,sy2f,sy2g,t8tqF,sy37,sy38,sy3a,sy39,sy3b,sy36,RRzQxe,Hz65nc,Qn6cnd",script
2026-06-14T02:32:21.082Z,GET,"https://www.gstatic.com/_/atari/_/js/k=atari.ed.en.FrodoSu7vTU.O/am=CCCAJgAD/d=0/rs=AGEqA5kzCkOZEFWYz2bRYOr-wP923UBA7g/m=sy19o,KUM7Z,syf0,syey,syez,syf1,xVwbDc,sysa,sysb,sy118,sysc,sylz,syra,sys4,sysd,sywa,sy119,sy117,syrd,sy115,eKZO4d,Dm3Ahe,sy19l,yxTchf,sy19m,sy19n,xQtZb,Pi8o1b,R09Z9,rigeXb,qddgKe,sy19k,SM1lmd,g1vXtf,sygf,syh2,synb,ULH0Lb,cL3UIc,syfz,Wv7DDd,sy11v,eBAeSb,sy14c,gyihXb",script
2026-06-14T02:32:21.107Z,GET,https://lh7-rt.googleusercontent.com/sitesz/AClOY7p4O7e_Rdcl4QjIc4LIB5U6NxfzfhMXtJK26tiOVGXupWiDk4Phbe6nXBpvuY_bBw1MNCU7IQgZHh4NyvxAgXUfR_jghsjmCZT-3PC5vPNKlUjRTOHZ6AbtGhMX8qRB7pOM80TNSYcYD5dkLWQaaZvDnlcPUclXvwNrEkPXndt_LMvDbDxnFUw=s2048?key=YN6GLtuWqxGWPunWVbTaJw,image
2026-06-14T02:32:21.147Z,GET,https://ssl.gstatic.com/docs/common/cleardot.gif?zx=3nyi0kwf6ss7,image
2026-06-14T02:32:21.175Z,GET,https://www.gstatic.com/_/atari/_/js/k=atari.ed.en.FrodoSu7vTU.O/am=CCCAJgAD/d=0/rs=AGEqA5kzCkOZEFWYz2bRYOr-wP923UBA7g/m=D0FKFe,script
2026-06-14T02:32:21.180Z,GET,"https://www.gstatic.com/_/atari/_/js/k=atari.ed.en.FrodoSu7vTU.O/am=CCCAJgAD/d=0/rs=AGEqA5kzCkOZEFWYz2bRYOr-wP923UBA7g/m=YXyON,pEVFvf",script
2026-06-14T02:32:21.181Z,GET,https://lh7-rt.googleusercontent.com/sitesz/AClOY7pdGFjYn12VLu8Hxf1aEj6BnzcRxSM7xfa4qV_yCMhv3CBKqkSig3kxc-EWOgx24XzE5f1ienI0TfNLsAuTh_qO9L1SBl5YP212VsxGhUHTnw6s9VZbNxTWPj5gEpubhntJ7DylAMe_FPuRrwgZZcTNRUxbLjqx-ELC6tpDX0NfoiMHJo2HBgwi=s2048?key=YN6GLtuWqxGWPunWVbTaJw,image
2026-06-14T02:32:21.183Z,GET,https://lh7-rt.googleusercontent.com/sitesz/AClOY7r0JEjtrpK9s0OR5L06IzECKXNCm2lij--VW4NPCld-vke7ISsbM_ZOWBRJ2cUd-3zfnYjxYtTxXGlhZ48elGYzAHFifaJzM89VNPHyn8mPbjswUr9bmS-SYXeoSmJXr9ptchV_WknpoaAmMkW-Foe9__FFne5cWtp-mjI75XqlCN0BirlXL54D=s2048?key=YN6GLtuWqxGWPunWVbTaJw,image
2026-06-14T02:32:21.186Z,GET,https://ssl.gstatic.com/atari/images/offline.png,image
2026-06-14T02:32:21.187Z,GET,https://lh7-rt.googleusercontent.com/sitesz/AClOY7o74iWn2GbodrxZ1lNPVi5RqwzsnMvHWXGM02cX4mmpad7-GpnzQ73RT7QWLYXqlhXZbbtqs5MI4YkT_w_IMi_KFgRBqBgb3uD0ce4FdYbg20hSJXve-ikArSe531YOakDAhDlI93wdd6yf3Q6bwVkjW0EP1tsB_2m4LDEqXHaoBpChhHPYQJUw=s2048?key=YN6GLtuWqxGWPunWVbTaJw,image
2026-06-14T02:32:21.239Z,GET,"https://www.gstatic.com/og/_/js/k=og.asy.en_US.ML2RFDs0yiY.2019.O/rt=j/m=_ac,_awd,adrc,ada,lldp,qads/exm=/d=1/ed=1/rs=AA2YrTtBjAnB5pTjlHBqXR4u3GDnT6bXtA",script
2026-06-14T02:32:21.290Z,GET,https://lh7-rt.googleusercontent.com/sitesz/AClOY7rmPSR8qNp_qOBlZSkOkOe1vfh-vUwyMICrVVye6poIk8RTjG02uWv-4nNzbc8pkeHEK2QDQ4OgEK9iZ4SjAw9VmvaeinW4pRInGkuhHpOMljXowE9O7Oo0fySdwXlHTsGagW_6aUro1axHSeQDNCT1OVx-dL2akpcYDN1iuvBkSFazlDRuo2I=s2048?key=YN6GLtuWqxGWPunWVbTaJw,image
2026-06-14T02:32:21.291Z,GET,"https://www.gstatic.com/og/_/ss/k=og.asy.sfE-LILTe5I.L.W.O/m=ll_bdm,ll_tdm,adcgm3,ll_fw/excm=/d=1/ed=1/ct=zgms/rs=AA2YrTuKdE2V0SygxR5g6QHmOyBF61oZMA",stylesheet
2026-06-14T02:32:21.306Z,GET,"https://www.gstatic.com/_/atari/_/js/k=atari.ed.en.FrodoSu7vTU.O/am=CCCAJgAD/d=0/rs=AGEqA5kzCkOZEFWYz2bRYOr-wP923UBA7g/m=symz,syn0,syl4,symy,symp,syms,symt,ID6w3,syjn,sy4o,syl7,syl0,syl3,symx,symr,symw,AxFSBd,sltWod,sy4p,syjr,sykv,sykw,syky,sylb,sykz,syld,symq,sykn,TjQiFd,NWYSvd,VDyLye,sykx,symo,JwUZfc,Jhj80b,UAZdJd,symv,iyamkb,nfD7d,Ug5LZd,symu,syn8,yZUqhf,syn7,x0QGj,syzp,zPVmGf,gmoalb,F1l7T,RSDJge,syrw,syrx,syry,syrz,sys0,sys1,sy3e,OCQw0c,zsxDDf,synv,synl,syns,sypn,sypo,syo2,syo1,sypp,syou,syp0,synt,sypq,syo3,syov,syoy,syoz,syo9,syoi,synq,syos,syot,synu,syo4,syok,syor,syow,syp1,syp3,synz,syo0,syob,synm,syno,synr,syon,syop,synx,syoq,syox,syp2,syp4,syp6,syny,syo8,sypa,sype,sypf,synw,sypv,sypw,syoj,syol,syom,synp,syp5,syoa,sypc,sypd,sypb,sypk,sypi,sypu,sypx,synn,syo7,syod,syoc,syoe,syof,sypr,sypt,sypj,sypy,sypz,syq0,syq1,syq2,sypl,syog,syo6,syp7,syp8,syp9,sypm,syq4,syo5,syq3,eHSQ1b,sytn,vMz2j,PykXRc,wUfuDc,RCLHgd,WRX7Cb,L0nLod,emgAAf,fdDSzd,SyzwCe,syus,syuw,syuy,syv2,syv0,syuv,syvg,syv7,syv9,syvh,syvi,syvk,syuo,syv5,syv6,syvb,syv1,syuq,syvd,syvf,syv8,syvl,syvj,syvm,syur,syul,syw0,syuu,syuz,syva,syvc,syux,syve,syvo,syum,syue,syuf,syso,sysp,sysr,syst,sysv,syu7,syub,syup,syut,syv3,syv4,syvn,syvv,syvw,sywb,sywc,sywd,sywf,sywg,syug,sysu,syu9,syuc,syud,syuh,syvp,syvq,syw1,syui,syvz,YYmHzb,syss,sysx,sysy,syt0,sysq,syt9,syyc,syxn,syua,syuk,syvr,KTZF7d,syws,sysw,syt3,sytd,syyo,syye,syyr,syys,syxo,syxp,syy8,syu8,syun,syvt,syvu,syvy,sywo,sywp,sywq,sywr,syw6,sywu,syx1,syx3,sysn,syt4,syt5,syyf,syyg,syyp,syyj,syyh,syyl,syym,syyq,syyt,syxe,syxg,syy3,syxq,syrb,syxl,syy9,syy0,syvs,syw5,syx0,syx2,syx4,syyd,syyi,syyn,syxf,syxr,syxs,syxt,syxu,syxk,syxv,syxw,syxx,syxy,syxz,syy1,sytp,wC499,syvx,syw3,sywy,sywz,syxa,syxb,syt1,syyk,syyu,syyv,syxd,syxm,syy4,syy5,syy6,syy7,syya,syyb,DTqLad,NEF5Ff,syx9,syxc,syxh,syxi,syy2,t8Uszd,Vjf3z",script
2026-06-14T02:32:21.316Z,GET,"https://www.gstatic.com/_/atari/_/js/k=atari.ed.en.FrodoSu7vTU.O/am=CCCAJgAD/d=0/rs=AGEqA5kzCkOZEFWYz2bRYOr-wP923UBA7g/m=sy41,lotrqd,sy6z,sy6y,XOQYwb,QqiHSe,J6OSMd,Xtvwxb,nTZgK,syqw,dtT8pd,syqv,syqx,P8eaqc,e2jnoe,hgI40b,a327wf,S7cYue,syqh,qRyLof,NSUVMc,sy11r,mXE7Yb,a2FcF,ErY4Oe,syr8,syr9,Z05xpe,WVI0Db,sy11o,sy125,sy128,sy12j,sy12s,sy12u,sy11p,sy124,sy126,sy12m,sy12t,sy12r,sy12w,sy12p,sy11u,sy12n,sy11t,sy14a,bsFOnf,syqy,sy10m,sy10n,sy10p,sy10l,sy10j,sy10o,sy10u,sy10x,sy10w,U53M4e,ch2rgb,qO5oyb,LGxiwe,wDMUGb,syzv,syzw,R6HXdb,Hqpy5b,qlRUQ,ZcrXCe,NhPth,sys9,syse,i14ksb,qphtVb,x5X1Ge,YNA1Tb,sy101,syzy,syzx,syzz,sy100,sy103,sy104,BH3Ngf,ZTPZPd,LBaJxb,pxafOd,sysk,XL71df,agVpN,sysg,sysh,sysl,syz9,syz2,H4jOse,sy11x,sy11y,sy12d,sysz,sy14e,sy15c,sy15d,sy15e,sy158,sy14i,sytb,sy15g,sy14t,sy157,syza,sy14n,sy14p,sy129,febLed,uoEu0c,sy11z,sy12c,sy12y,syta,sy14f,sy14h,sy155,sy15f,sy15h,sy14j,sy14z,sy15i,sy14l,sy14s,sy14q,sy14v,sy122,sy12x,sy14x,sy14y,syt7,syzh,syzj,syzl,sy156,sy12h,sy152,sy15b,sy15k,sy15m,syzg,bZ0mod,sy12f,sy12l,nDlqbd,sy14d,sy14g,sy14k,sy14m,sy14o,sy14r,sy14u,sy14w,sy150,sy151,sy153,sy154,sy159,sy15a,sy15j,sy15l,sy15n,sy15o,fHCw3c,sy10z,sy10y,sy145,yg78R,sy149,qP0iad,sy11s,yE2wme,sy14b,AeOOZc,sy15u,sy15v,sy15p,sy13x,sy15q,sy15r,sy15s,sy15t,sy15w,nV1Z8c,JoBide,nd7ABd,syqg,pktFEe,A8M0R,AjGTXd,JJBWd,syq9,syqa,sy13b,eKvtYd,B83o6d,NJ5Ue,rzFoYe,Vrf0E,Qk7Ubf,zcp5kd,A5mc9c,h4XkYd,IXzqr,lWdfif,bXaebf,sy11n,eY7ywe,d1jXuc,dgEsDd,y5Ctsc,N6t09e,xA1Nzd,syzs,OaKrge,syzt,syzu,tbQzUe,RULced,syjv,KNQlS,vFDoYb",script
2026-06-14T02:32:21.339Z,GET,"https://www.gstatic.com/_/atari/_/js/k=atari.ed.en.FrodoSu7vTU.O/am=CCCAJgAD/d=0/rs=AGEqA5kzCkOZEFWYz2bRYOr-wP923UBA7g/m=tknxyb,syf6,Tpj7Pb,syf5,syf7,syf8,gNYsTc,bTi8wc,Fo7lub,eM1C7d,u8fSBf,syf9,EF8pe,LLHPdb,BmP5F,AwC6ec,sy3g,sy3h,sy3f,syfo,syfp,sy3i,syfq,sy3k,syfr,syfs,syft,YCivSc,p6xDkc,gp44Bf,tBvKNb,sy1,KdSWqe,hJUyqe,RMQA0d,sy53,ZRk5Gb,XDKZTc,sy54,qkPXAf,hGUhV,syg6,W75Itc,TIMdCc,syeo,syeq,syep,syet,syeu,syen,syer,syes,fumke,yDXup,syg3,syg8,syga,sy3m,sygb,syg9,syjj,syjl,syk2,fGv1ef,sy4x,syh3,l1B7Wb,symm,syjd,symn,sy139,N1A1db,sy3x,sy4q,l5HePb,sy4w,iTeaXe,sy3y,sygi,synf,EGNJFf,syhj,sy3v,syhp,syhr,sy3w,syha,syhq,syhs,syht,symi,fgj8Rb,syfa,syfb,RVdIsf,syfc,syfd,syfe,Jm8wf,sy108,ko2ijf,sy13y,JH2zc,VNcg1e,sy13z,t1sulf,JWUKXe,syrv,sJhETb,fI4Vwc,XVMNvd,fuVYe,Gugl6e,syff,syfg,A0LFVc,u585ad,bszmue,syjo,r5Fgec,Z8L7Fd,TrQlRb,sylp,sylj,sy3n,sy4z,sylq,sylt,sylk,sylm,syln,syll,sylo,sylh,syls,sylu,sylv,sylw,syly,sylf,sylg,syli,sylr,sylx,sym0,sym1,m6ODae,oDzOMc,pA3VNb,iSvg6e,t1YFL,syis,syit,k8usFd,sy4y,sy50,sy4v,sy51,pc62j,sy3t,sy3p,sy3u,sy3z,syjp,syjq,Kxpjyc,syn6,syoh,sypg,syph,synh,syrr,SFSdDd,syg5,syg7,sym2,sygc,syjc,syjg,syl8,sym4,sym8,symb,symf,symg,Sr9NQb,iTgHO,syre,syrg,syrm,syro,sy11m,YSkwQd,sy3j,sy3l,iwfZq,syi1,syk4,syk6,syhn,syhz,syi3,syi5,symd,syk7,syqp,syhm,syhy,syi2,syi9,syme,syqb,syqo,syqt,syqu,syqs,syth,wzBrae,syti,ufTJ9d,YiHFFc,sygj,sykm,mpXnIb,sy10e,LBgRLc,J7cCeb,oDd24c,eEDsnd,ODIKad,sy4f,sy4e,sy4k,sy4g,sy4h,sy4i,sy4j,sy4l,syjy,sykt,syj3,syjz,syk1,syk5,syih,syjw,syks,syj5,syjm,syk0,syk3,syi7,syiv,syju,syku,syg0,sykb,syl1,syiq,syif,syl2,sym9,symc,syma,sdPG7e,syig,TBXMU,sy10f,sy19w,s5T1B,syn9,JQjARd,syna,QmZ7Be,syii,dp5Ntf,syq6,Fgmuy,sy107,sy10h,zYHZkd,EVCIIf,NvZ8ec,jYzdUb,aJSFAf,syge,syik,sygk,syij,syil,syim,hD2fyb,sygl,sygm,lOY7pd,syn5,syqe,sy10d,odWSx,sy10g,cyBQ,syh8,syh7,syh9,syi4,syi6,syh6,syi0,syhk,syn3,syid,syja,syni,syj4,sykl,syn4,sync,syng,synj,synk,ZNwbL,gaMBzf,fVuHhf,syh1,synd,syne,oySPZc,rKwixf,QaOg2c,sykk,mofIOd,goNIqe,PIYIuc,KZh4jf,syev,syew,syex,gTs6We,Lgc4Kd,syf2,syf3,syf4,WX3Rqe,Mv9N2c,sysf,YgNWd,YTF0A,syko,syq7,sykp,uj1mC,syq5,syrs,iIjuCe,syka,sykq,EeW0Dc,baS2ne,syjk,syqf,FmKeob,sy5p,sy5r,sy5q,sy5l,sy5t,sy5u,CG0Qwb,syfl,syfn,syfk,syfm,wtQUPb,syfw,symk,syrp,sy12o,sy130,sy131,ZtD0Xd,syjt,syl6,syzq,k0Eomb,syla,VtWKY,sytf,sygw,syte,sy113,sy114,zxbrU,ZUST3e,XO4SU,syke,na2dId,syh5,sygx,sygz,syjb,sytg,sytl,qRSmd,WefZPe,GDKWoe,sym6,sym5,sym7,symh,BJa2I,syg2,NJHWke,tAZXvd,syk8,sykf,sykd,sylc,syj9,sy11c,soHxf,sy143,DGBsqf,EmHzT,sy42,syiy,sy102,sy110,sy111,sCdQLd,fW6ILb,syzr,BYrVPe,OHzI7e,pdVt5d,pyPVne,syto,sy116,NhXhFe,mWai7e,X8Sipd,syfi,KqKj6b,sy4n,sygp,sy4r,sygo,sy4t,sygr,sygs,FVdWg,sygn,sygq,Yj2FZc,syfv,syfy,syfu,syfx,Lm5Lhf,sytj,sytk,sytm,DJpJbc,syh4,vCg38d,syfj,syj6,qAKInc,syq8,zxe1Ge,sy112,STdMh,sygy,sygt,sygu,sygv,syh0,gqgeef,syg1,syfh,a6kuzd,raCrYb,syg4,sygg,akqRAc,sym3,qnJkcd,syoo,sytv,syu5,sytr,sytt,sytx,syu1,syt8,syjx,syle,syps,syx7,H2xa0d,syx8,F1iPce,BK4xnc,sytu,sytw,mKSAUd,kPqaVc,ZvvnPb,rVRxde,syuj,sywe,sywh,sywt,sywx,syww,sywv,syw4,syw2,syxj,sy16c,sy16d,sy16b,sy16e,sy195,ViNKT,SL22ab,InGPT,stsTjb,V7j7Sb,syzm,syzn,hAljs,XnyN2e,gzp7wb,kNqx7b,sywn,lWIDqf,VJwZIe,syw7,sywi,sywj,sywk,sywl,sywm,syw8,NX9HJ,hgud7d,dm1dhc,PgXDBd,sytq,syts,syty,sytz,syu0,syu2,syu3,syu4,syu6,syqq,sy136,syrk,syrh,VBibre,syx5,sy127,syl9,syn2,syqr,sy135,syrl,syje,sy12q,sy13a,syjf,syml,syrf,syrj,syrn,syw9,syx6,sy10a,sy12v,sy12z,sy132,sy133,sy134,sy137,sy138,DwUXid,syr4,sy11b,lfLH7b,iup7tb,sy10b,sy10c,caIpI,HoZOzd,sy11a,gloy4c,syiu,DbMgjb,syk9,sykg,syio,sykc,sykh,syki,sykj,Ej1GZe,HB86X,syri,cOUdKf,syhh,syhi,syhl,syhf,syho,syhb,syhg,syhu,syhv,syhx,syi8,syhc,syhd,syhe,syhw,syia,syib,syic,syie,IX2nu,sykr,sy11f,syqz,syr1,syqc,syql,sy11e,syr2,sy105,sy11d,sy11h,sy11i,sy11g,sy11j,SfzLG,syix,syin,syiw,syiz,syj0,syj1,syj2,syj7,syj8,cOx5wc,wEFNxf,VJb21,syip,dIlGPe,syn1,syqk,sy13l,sy13r,sy13s,sy13j,sy13k,sy11l,sy13o,sy11k,sy13i,sy13n,sy140,sy142,sy13u,sy141,OnuNOd,QRBA7,c05nGd,syjh,syji,kIBXo,c5Y3Jd,sys2,dBhIIb,sys3,R4KMEc,sys8,symj,sys5,sys6,sys7,Rq56oe,GsKwm,syrt,NTOqGc,Ejw5zd,g6RDif,syl5",script
2026-06-14T02:32:21.662Z,GET,https://fonts.gstatic.com/s/ebgaramond/v32/SlGDmQSNjdsmc35JDF1K5E55YMjF_7DPuGi-6_RkAo9_.woff2,font
2026-06-14T02:32:21.664Z,GET,https://fonts.gstatic.com/s/inter/v20/UcCO3FwrK3iLTeHuS_nVMrMxCp50SjIw2boKoduKmMEVuLyfAZlhiA.woff2,font
2026-06-14T02:32:21.664Z,GET,https://fonts.gstatic.com/s/sourcecodepro/v31/HI_diYsKILxRpg3hIP6sJ7fM7PqPMcMnZFqUwX28DMyQtM9rTA.woff2,font
2026-06-14T02:32:21.974Z,GET,https://www.gstatic.com/feedback/js/help/prod/service/lazy.min.js,script
2026-06-14T02:32:21.982Z,GET,https://www.gstatic.com/_/atari/_/js/k=atari.ed.en.FrodoSu7vTU.O/am=CCCAJgAD/d=0/rs=AGEqA5kzCkOZEFWYz2bRYOr-wP923UBA7g/m=qyNYg,script
2026-06-14T02:32:21.997Z,GET,https://sites.google.com/u/0/d/1NjuZKIVbHZ1Eu10zCTi2JtvM0kjkKf2N/trash/read?id=1NjuZKIVbHZ1Eu10zCTi2JtvM0kjkKf2N&token=AHL0AtJFgpdnH6kFu2rdhFvQpPSGe6uVUg%3A1781404339711&authuser=0&nded=false,xhr
2026-06-14T02:32:22.053Z,POST,https://ogads-pa.clients6.google.com/$rpc/google.internal.onegoogle.asyncdata.v1.AsyncDataService/GetAsyncData,xhr
2026-06-14T02:32:22.057Z,GET,https://www.gstatic.com/_/atari/_/js/k=atari.ed.en.FrodoSu7vTU.O/am=CCCAJgAD/d=0/rs=AGEqA5kzCkOZEFWYz2bRYOr-wP923UBA7g/m=CTHYib,script
2026-06-14T02:32:22.092Z,GET,https://fonts.gstatic.com/s/inter/v20/UcCO3FwrK3iLTeHuS_nVMrMxCp50SjIw2boKoduKmMEVuLyeMZ0.woff2,font
2026-06-14T02:32:22.092Z,GET,"https://www.gstatic.com/_/atari/_/js/k=atari.ed.en.FrodoSu7vTU.O/am=CCCAJgAD/d=0/rs=AGEqA5kzCkOZEFWYz2bRYOr-wP923UBA7g/m=NLDnK,hU0nAf,sy18z,utz9F,sy194,bbKX0d,sy18n,rarsed,sy18m,sy18s,YbzfXd,YV8yqd",script
2026-06-14T02:32:22.123Z,GET,https://fonts.gstatic.com/s/inter/v20/UcCO3FwrK3iLTeHuS_nVMrMxCp50SjIw2boKoduKmMEVuOKfMZ0.woff2,font
2026-06-14T02:32:22.139Z,POST,https://sites.google.com/u/0/d/1NjuZKIVbHZ1Eu10zCTi2JtvM0kjkKf2N/s/premadelayouts?token=AHL0AtJFgpdnH6kFu2rdhFvQpPSGe6uVUg%3A1781404339711&authuser=0&nded=false,xhr
2026-06-14T02:32:22.154Z,GET,https://fonts.gstatic.com/s/inter/v20/UcCO3FwrK3iLTeHuS_nVMrMxCp50SjIw2boKoduKmMEVuBWYMZ0.woff2,font
2026-06-14T02:32:22.206Z,GET,https://fonts.gstatic.com/s/inter/v20/UcCO3FwrK3iLTeHuS_nVMrMxCp50SjIw2boKoduKmMEVuGKYMZ0.woff2,font
2026-06-14T02:32:22.239Z,GET,https://fonts.gstatic.com/s/inter/v20/UcCO3FwrK3iLTeHuS_nVMrMxCp50SjIw2boKoduKmMEVuDyfMZ0.woff2,font
2026-06-14T02:32:22.239Z,GET,https://fonts.gstatic.com/s/sourcecodepro/v31/HI_diYsKILxRpg3hIP6sJ7fM7PqPMcMnZFqUwX28DEyQhMs.woff2,font
2026-06-14T02:32:22.241Z,GET,https://fonts.gstatic.com/s/inter/v20/UcCO3FwrK3iLTeHuS_nVMrMxCp50SjIw2boKoduKmMEVuI6fMZ0.woff2,font
2026-06-14T02:32:22.241Z,GET,https://fonts.gstatic.com/s/sourcecodepro/v31/HI_jiYsKILxRpg3hIP6sJ7fM7PqlOPHYvDP_W9O7GQTTMo1rTA.woff2,font
2026-06-14T02:32:22.243Z,GET,https://fonts.gstatic.com/s/sourcecodepro/v31/HI_diYsKILxRpg3hIP6sJ7fM7PqPMcMnZFqUwX28DGWXhMs.woff2,font
2026-06-14T02:32:22.243Z,GET,https://fonts.gstatic.com/s/sourcecodepro/v31/HI_jiYsKILxRpg3hIP6sJ7fM7PqlOPHYvDP_W9O7GQTT7I1rTA.woff2,font
2026-06-14T02:32:22.243Z,GET,https://fonts.gstatic.com/s/sourcecodepro/v31/HI_diYsKILxRpg3hIP6sJ7fM7PqPMcMnZFqUwX28DJKQhMs.woff2,font
2026-06-14T02:32:22.247Z,GET,https://fonts.gstatic.com/s/inter/v20/UcCO3FwrK3iLTeHuS_nVMrMxCp50SjIw2boKoduKmMEVuDyYMZ0.woff2,font
2026-06-14T02:32:22.290Z,GET,https://fonts.gstatic.com/s/inter/v20/UcCM3FwrK3iLTcvneQg7Ca725JhhKnNqk4j1ebLhAm8SrXTccNxhiA.woff2,font
2026-06-14T02:32:22.293Z,GET,https://fonts.gstatic.com/s/sourcecodepro/v31/HI_diYsKILxRpg3hIP6sJ7fM7PqPMcMnZFqUwX28DP6QhMs.woff2,font
2026-06-14T02:32:22.293Z,GET,https://fonts.gstatic.com/s/sourcecodepro/v31/HI_diYsKILxRpg3hIP6sJ7fM7PqPMcMnZFqUwX28DEyXhMs.woff2,font
2026-06-14T02:32:22.294Z,GET,https://fonts.gstatic.com/s/sourcecodepro/v31/HI_jiYsKILxRpg3hIP6sJ7fM7PqlOPHYvDP_W9O7GQTT7IprTA.woff2,font
2026-06-14T02:32:22.294Z,GET,https://fonts.gstatic.com/s/sourcecodepro/v31/HI_jiYsKILxRpg3hIP6sJ7fM7PqlOPHYvDP_W9O7GQTTsoprTA.woff2,font
2026-06-14T02:32:22.294Z,GET,https://fonts.gstatic.com/s/sourcecodepro/v31/HI_jiYsKILxRpg3hIP6sJ7fM7PqlOPHYvDP_W9O7GQTTXo1rTA.woff2,font
2026-06-14T02:32:22.294Z,GET,https://fonts.gstatic.com/s/inter/v20/UcCM3FwrK3iLTcvneQg7Ca725JhhKnNqk4j1ebLhAm8SrXTc2dphiA.woff2,font
2026-06-14T02:32:22.294Z,GET,https://fonts.gstatic.com/s/inter/v20/UcCM3FwrK3iLTcvneQg7Ca725JhhKnNqk4j1ebLhAm8SrXTcWdthiA.woff2,font
2026-06-14T02:32:22.298Z,GET,https://lh7-rt.googleusercontent.com/sitesz/AClOY7qhLhiYZc6XnIcNddVPEoxxrEvs3OKOX4dvVSzZheWK9QlwXMuGkekHohJkjWoF5yIqv0q8NSasVDVwNcSiEAaHAJ0hUfcMNZ2bGN00_z5VAARKxNS-SYaFaWdJMf6K3Na606TGCPQalzskSz4FelPvTTKRlg8WTBysH6-5WwQwThddzGQc3Ow=s2048?key=YN6GLtuWqxGWPunWVbTaJw,image
2026-06-14T02:32:22.298Z,GET,https://fonts.gstatic.com/s/inter/v20/UcCM3FwrK3iLTcvneQg7Ca725JhhKnNqk4j1ebLhAm8SrXTc69thiA.woff2,font
2026-06-14T02:32:22.301Z,GET,https://fonts.gstatic.com/s/inter/v20/UcCM3FwrK3iLTcvneQg7Ca725JhhKnNqk4j1ebLhAm8SrXTcWdxhiA.woff2,font
2026-06-14T02:32:22.321Z,GET,https://fonts.gstatic.com/s/inter/v20/UcCM3FwrK3iLTcvneQg7Ca725JhhKnNqk4j1ebLhAm8SrXTcB9xhiA.woff2,font
2026-06-14T02:32:22.321Z,GET,https://fonts.gstatic.com/s/sourcecodepro/v31/HI_diYsKILxRpg3hIP6sJ7fM7PqPMcMnZFqUwX28DBKXhMs.woff2,font
2026-06-14T02:32:22.321Z,GET,https://fonts.gstatic.com/s/sourcecodepro/v31/HI_jiYsKILxRpg3hIP6sJ7fM7PqlOPHYvDP_W9O7GQTTxYprTA.woff2,font
2026-06-14T02:32:22.322Z,GET,https://fonts.gstatic.com/s/inter/v20/UcCM3FwrK3iLTcvneQg7Ca725JhhKnNqk4j1ebLhAm8SrXTch9thiA.woff2,font
2026-06-14T02:32:22.449Z,POST,https://play.google.com/log?format=json&hasfast=true&authuser=0,xhr
2026-06-14T02:32:22.450Z,POST,https://play.google.com/log?format=json&hasfast=true&authuser=0,fetch
2026-06-14T02:32:22.450Z,POST,https://play.google.com/log?format=json&hasfast=true&authuser=0,fetch
